num_decoders_used,avg_euclidean_cov,avg_geodesic_cov
1,0.19636597927095462,0.16785828583286114
2,0.19636597927095462,0.13809852429067088
3,0.19636597927095462,0.1258570154477101
