num_decoders_used,avg_euclidean_cov,avg_geodesic_cov
1,0.1976730540458319,0.17214084554580597
2,0.1976730540458319,0.1124287642576367
3,0.1976730540458319,0.06537981137410527
